Response ID,Faculty,Subject Knowledge,Regularity & Punctuality,Communication Skills,Syllabus Coverage,Interest Generated in Subject,Faculty Preparation,Overall Acceptance,Subject
RESP-001,A,4,4,4,4,4,4,5,DBMS
RESP-002,A,4,4,4,4,4,4,4,DBMS
RESP-003,A,5,5,4,4,5,4,4,DBMS
RESP-004,A,5,5,5,5,5,5,5,DBMS
RESP-005,A,5,5,5,5,5,5,5,DBMS
RESP-006,A,2,3,2,3,2,3,3,DBMS
RESP-007,A,5,5,5,5,5,5,5,DBMS
RESP-008,A,5,5,5,5,5,5,5,DBMS
RESP-009,A,4,4,4,4,4,4,4,DBMS
RESP-010,A,4,4,3,3,2,4,3,DBMS
RESP-011,A,4,5,3,5,3,4,4,DBMS
RESP-012,A,5,5,5,5,5,5,5,DBMS
RESP-013,A,4,4,4,3,3,4,4,DBMS
RESP-014,A,3,4,3,4,4,4,4,DBMS
RESP-015,A,3,4,4,5,5,5,4,DBMS
RESP-016,A,3,4,4,4,4,4,4,DBMS
RESP-017,A,3,3,4,4,5,5,4,DBMS
RESP-018,A,5,5,5,5,5,5,5,DBMS
RESP-019,A,5,5,5,5,5,5,5,DBMS
RESP-020,A,2,3,3,2,2,3,3,DBMS
RESP-021,A,5,5,5,5,5,5,5,DBMS
RESP-022,A,5,5,5,5,5,5,5,DBMS
RESP-023,A,5,5,5,5,5,5,5,DBMS
RESP-024,A,3,3,3,3,3,3,1,DBMS
RESP-025,A,5,5,5,5,5,5,5,DBMS
RESP-026,A,5,5,5,5,5,5,5,DBMS
RESP-027,A,4,3,3,4,4,4,4,DBMS
RESP-028,A,4,4,3,3,3,3,3,DBMS
RESP-029,A,3,4,4,4,3,4,4,DBMS
RESP-030,A,4,4,2,3,2,3,3,DBMS
RESP-031,A,5,5,5,5,5,5,5,DBMS
RESP-032,A,5,5,5,5,5,5,5,DBMS
RESP-033,A,5,5,5,4,4,5,5,DBMS
RESP-034,A,3,4,3,3,3,4,4,DBMS
RESP-035,A,4,5,4,4,2,2,4,DBMS
RESP-036,A,4,4,4,5,4,4,4,DBMS
RESP-037,A,4,5,4,4,5,5,5,DBMS
RESP-038,A,4,4,3,3,3,4,3,DBMS
RESP-039,A,4,5,5,5,4,5,5,DBMS
RESP-040,A,5,5,5,5,5,5,5,DBMS
RESP-041,A,4,4,4,4,4,4,4,DBMS
RESP-042,A,5,5,5,5,5,5,5,DBMS
RESP-043,A,4,4,4,4,4,4,4,DBMS
RESP-044,A,2,4,3,3,1,3,1,DBMS
RESP-045,A,2,3,3,3,2,4,3,DBMS
RESP-046,A,4,5,4,4,4,3,4,DBMS
RESP-047,A,2,2,1,1,1,1,1,DBMS
RESP-048,A,5,5,5,5,5,5,5,DBMS
RESP-049,A,5,5,5,5,5,5,5,DBMS
RESP-050,A,5,5,5,5,5,5,5,DBMS
RESP-051,A,5,5,5,5,5,4,5,DBMS
RESP-052,A,5,5,5,5,5,5,5,DBMS
RESP-053,A,3,3,4,5,5,1,2,DBMS
RESP-054,A,4,4,4,3,3,3,3,DBMS
RESP-055,A,3,3,3,3,3,3,3,DBMS
RESP-056,A,3,4,3,5,4,4,4,OS
RESP-057,A,4,4,4,4,4,4,4,OS
RESP-058,A,3,2,1,2,3,4,2,OS
RESP-059,A,5,5,5,5,5,5,5,OS
RESP-060,A,5,5,5,5,5,5,5,OS
RESP-061,A,3,3,3,4,1,2,2,OS
RESP-062,A,4,4,4,4,4,4,4,OS
RESP-063,A,5,5,5,5,5,5,5,OS
RESP-064,A,5,5,5,5,5,5,5,OS
RESP-065,A,3,3,3,3,3,3,3,OS
RESP-066,A,5,5,5,5,5,5,5,OS
RESP-067,A,2,4,2,2,1,2,2,OS
RESP-068,A,5,5,5,5,5,5,5,OS
RESP-069,A,4,4,4,4,4,4,4,OS
RESP-070,A,5,5,5,5,5,5,5,OS
RESP-071,A,4,4,4,4,5,4,4,OS
RESP-072,A,5,5,4,5,4,5,4,OS
RESP-073,A,4,4,4,4,4,4,4,OS
RESP-074,A,4,4,5,4,5,4,4,OS
RESP-075,A,3,5,5,4,4,5,4,OS
RESP-076,A,5,5,5,5,5,5,5,OS
RESP-077,A,3,4,4,3,1,3,3,OS
RESP-078,A,4,4,4,4,4,5,5,OS
RESP-079,A,5,5,5,5,5,5,5,OS
RESP-080,A,3,4,2,4,1,4,4,OS
RESP-081,A,3,3,2,2,3,3,2,OS
RESP-082,A,3,3,3,3,3,3,3,OS
RESP-083,A,4,3,4,4,4,5,4,OS
RESP-084,A,4,4,4,4,4,4,4,OS
RESP-085,A,5,5,5,5,5,5,5,OS
RESP-086,A,5,5,5,5,5,5,5,OS
RESP-087,A,5,5,5,5,5,5,5,OS
RESP-088,A,4,4,3,4,4,3,4,OS
RESP-089,A,5,5,5,5,5,5,5,OS
RESP-090,A,4,5,4,4,5,4,5,OS
RESP-091,A,5,5,5,5,5,5,5,OS
RESP-092,A,4,5,3,5,4,4,4,OS
RESP-093,A,2,2,2,1,1,1,1,OS
RESP-094,A,4,5,4,4,5,5,5,OS
RESP-095,A,4,4,4,4,4,4,4,OS
RESP-096,A,3,5,4,4,3,3,3,OS
RESP-097,A,5,5,4,4,5,4,5,OS
RESP-098,A,4,4,4,4,4,4,4,OS
RESP-099,A,5,5,5,5,5,5,5,OS
RESP-100,A,4,4,3,4,3,4,4,OS
RESP-101,A,5,5,5,5,5,5,5,OS
RESP-102,B,5,5,5,5,5,5,5,OS
RESP-103,B,4,4,4,4,4,4,4,OS
RESP-104,B,3,3,3,3,3,3,4,OS
RESP-105,B,5,5,5,5,5,5,5,OS
RESP-106,B,4,5,5,5,4,5,5,OS
RESP-107,B,2,3,2,2,2,2,2,OS
RESP-108,B,5,5,5,5,5,5,5,OS
RESP-109,B,5,5,5,5,5,5,5,OS
RESP-110,B,4,4,3,3,3,4,4,OS
RESP-111,B,4,3,3,3,3,3,3,OS
RESP-112,B,3,4,4,5,3,4,3,OS
RESP-113,B,5,5,5,5,5,5,5,OS
RESP-114,B,4,4,4,3,3,4,4,OS
RESP-115,B,3,4,3,4,4,4,4,OS
RESP-116,B,3,2,2,3,3,2,2,OS
RESP-117,B,3,4,5,4,4,4,4,OS
RESP-118,B,5,5,5,5,4,4,4,OS
RESP-119,B,3,5,4,5,3,3,3,OS
RESP-120,B,2,3,2,3,3,2,2,OS
RESP-121,B,3,3,3,3,1,3,3,OS
RESP-122,B,5,5,5,5,5,5,5,OS
RESP-123,B,5,5,5,5,5,5,5,OS
RESP-124,B,5,5,5,5,5,5,5,OS
RESP-125,B,1,1,1,1,1,1,1,OS
RESP-126,B,5,5,5,5,5,5,5,OS
RESP-127,B,5,5,5,5,5,5,5,OS
RESP-128,B,4,4,4,4,3,4,3,OS
RESP-129,B,4,4,4,4,4,4,4,OS
RESP-130,B,3,3,3,3,3,3,3,OS
RESP-131,B,4,4,4,4,3,4,4,OS
RESP-132,B,5,5,5,5,5,5,5,OS
RESP-133,B,5,5,5,5,5,5,5,OS
RESP-134,B,3,5,4,4,3,4,4,OS
RESP-135,B,4,4,4,4,3,3,4,OS
RESP-136,B,1,1,1,1,1,1,1,OS
RESP-137,B,5,5,5,5,5,5,5,OS
RESP-138,B,4,5,5,5,4,5,4,OS
RESP-139,B,4,4,3,4,4,4,4,OS
RESP-140,B,4,5,5,5,5,5,5,OS
RESP-141,B,1,3,2,2,2,2,1,OS
RESP-142,B,4,4,4,4,4,4,4,OS
RESP-143,B,5,5,5,5,5,5,5,OS
RESP-144,B,4,4,4,4,4,4,4,OS
RESP-145,B,4,4,4,4,3,3,3,OS
RESP-146,B,3,2,2,2,2,2,1,OS
RESP-147,B,4,4,4,4,4,4,4,BDA
RESP-148,B,2,2,2,2,2,2,2,BDA
RESP-149,B,5,5,5,5,5,5,5,BDA
RESP-150,B,5,5,5,5,5,5,5,BDA
RESP-151,B,4,4,4,4,4,4,4,BDA
RESP-152,B,4,4,4,4,5,5,4,BDA
RESP-153,B,5,5,5,5,5,5,5,BDA
RESP-154,B,1,1,1,1,1,1,1,BDA
RESP-155,B,4,5,5,5,5,5,5,BDA
RESP-156,B,2,2,2,2,2,2,2,BDA
RESP-157,B,5,5,5,5,5,5,5,BDA
RESP-158,B,4,4,4,4,4,4,4,BDA
RESP-159,B,1,2,2,3,4,4,4,BDA
RESP-160,B,4,4,4,4,4,4,4,BDA
RESP-161,B,5,5,5,5,5,5,5,BDA
RESP-162,B,1,1,1,1,1,1,1,BDA
RESP-163,B,1,1,1,1,1,1,1,BDA
RESP-164,B,5,5,5,5,5,5,5,BDA
RESP-165,B,4,4,4,4,4,4,4,BDA
RESP-166,B,1,1,1,1,1,1,1,BDA
RESP-167,B,5,5,5,5,5,5,5,BDA
RESP-168,B,3,2,1,1,1,1,1,BDA
RESP-169,B,5,5,5,5,5,5,5,BDA
RESP-170,B,3,3,3,3,3,3,3,BDA
RESP-171,B,3,3,3,3,3,3,3,BDA
RESP-172,B,4,4,4,4,4,4,3,BDA
RESP-173,B,4,4,4,4,4,4,4,BDA
RESP-174,B,4,4,4,4,4,4,4,BDA
RESP-175,B,4,4,4,4,3,4,4,BDA
RESP-176,B,4,4,4,4,5,4,4,BDA
RESP-177,B,5,5,5,5,5,5,5,BDA
RESP-178,B,4,5,4,5,5,5,4,BDA
RESP-179,B,5,5,5,5,5,5,5,BDA
RESP-180,B,5,5,5,5,5,5,5,BDA
RESP-181,B,5,5,5,5,3,5,4,BDA
RESP-182,B,5,5,5,5,4,5,4,BDA
RESP-183,B,3,4,4,3,4,4,4,BDA
RESP-184,B,5,5,5,5,5,5,5,BDA
RESP-185,B,3,3,3,3,3,3,3,BDA
RESP-186,B,5,5,5,5,5,5,5,BDA
RESP-187,B,5,5,5,5,5,5,5,BDA
RESP-188,B,3,3,3,3,3,3,3,BDA
RESP-189,B,5,4,5,5,5,5,5,BDA
RESP-190,B,5,5,5,5,5,5,5,BDA
RESP-191,B,4,3,3,3,5,2,3,BDA
RESP-192,B,4,4,4,4,4,4,4,BDA
RESP-193,B,5,5,4,5,4,4,4,BDA
RESP-194,B,2,1,1,1,2,2,1,BDA
RESP-195,B,4,4,2,3,2,2,3,BDA
RESP-196,B,3,3,3,3,3,3,3,BDA
RESP-197,B,2,4,3,3,1,2,1,BDA
RESP-198,B,4,3,3,4,3,4,3,BDA
RESP-199,B,4,4,4,4,4,4,4,BDA
RESP-200,B,4,4,3,4,5,4,3,BDA
RESP-201,B,4,4,4,5,4,5,5,BDA
RESP-202,B,4,4,4,4,4,4,4,BDA
RESP-203,C,3,3,2,1,1,3,1,BDA
RESP-204,C,4,4,3,4,4,4,4,BDA
RESP-205,C,3,3,3,3,3,3,3,BDA
RESP-206,C,5,5,5,5,5,5,5,BDA
RESP-207,C,5,5,5,5,4,5,5,BDA
RESP-208,C,2,2,2,2,2,2,2,BDA
RESP-209,C,5,5,5,5,5,5,5,BDA
RESP-210,C,5,5,5,5,5,5,5,BDA
RESP-211,C,3,3,3,2,2,5,4,BDA
RESP-212,C,4,4,3,2,2,3,3,BDA
RESP-213,C,4,5,4,5,4,4,4,BDA
RESP-214,C,5,5,5,5,5,5,5,BDA
RESP-215,C,4,5,3,4,4,5,4,BDA
RESP-216,C,3,3,3,3,3,3,3,BDA
RESP-217,C,1,1,1,1,1,1,1,BDA
RESP-218,C,3,3,4,2,2,2,3,BDA
RESP-219,C,4,5,4,4,3,4,4,BDA
RESP-220,C,5,5,5,3,5,5,5,BDA
RESP-221,C,5,5,5,5,5,5,5,BDA
RESP-222,C,3,4,3,1,3,4,3,BDA
RESP-223,C,5,5,3,3,3,5,5,BDA
RESP-224,C,5,5,5,5,5,5,5,BDA
RESP-225,C,3,5,3,3,3,3,3,BDA
RESP-226,C,2,2,2,2,2,2,2,BDA
RESP-227,C,5,5,5,5,5,5,5,BDA
RESP-228,C,5,5,5,5,5,5,5,BDA
RESP-229,C,5,5,4,4,4,4,4,BDA
RESP-230,C,4,3,3,4,3,3,3,BDA
RESP-231,C,3,3,2,3,2,2,3,BDA
RESP-232,C,4,4,3,3,2,3,3,BDA
RESP-233,C,5,5,5,5,5,5,5,BDA
RESP-234,C,5,5,5,5,5,5,5,BDA
RESP-235,C,5,5,5,5,4,5,5,BDA
RESP-236,C,4,3,3,3,3,4,4,BDA
RESP-237,C,2,2,2,2,2,2,2,BDA
RESP-238,C,5,5,4,5,4,5,4,BDA
RESP-239,C,5,5,4,4,4,5,4,BDA
RESP-240,C,3,4,3,3,3,3,3,BDA
RESP-241,C,5,5,5,5,4,5,5,BDA
RESP-242,C,5,5,5,5,5,5,5,BDA
RESP-243,C,4,4,4,4,4,4,4,BDA
RESP-244,C,5,5,5,5,5,5,5,BDA
RESP-245,C,4,4,4,4,4,4,4,BDA
RESP-246,C,5,5,5,5,5,5,5,BDA
RESP-247,C,4,5,4,5,5,5,5,BDA
RESP-248,C,5,5,5,3,3,4,4,BDA
RESP-249,C,4,4,1,1,3,3,2,BDA
RESP-250,C,5,5,5,5,5,5,5,BDA
RESP-251,C,5,5,5,5,5,5,5,BDA
RESP-252,C,5,5,5,5,5,5,5,BDA
RESP-253,C,5,5,5,5,5,5,5,BDA
RESP-254,C,5,5,5,5,5,5,5,BDA
RESP-255,C,4,2,1,2,1,1,2,BDA
RESP-256,C,4,5,5,4,5,4,5,BDA
RESP-257,C,3,3,3,3,3,3,3,BDA
RESP-258,C,5,5,5,5,5,5,5,BDA
RESP-259,C,4,4,4,4,4,4,4,BDA
RESP-260,C,2,2,2,3,2,3,2,BDA
RESP-261,C,4,5,4,4,4,4,4,BDA
RESP-262,C,5,5,5,5,5,5,5,BDA
RESP-263,C,3,3,3,3,3,3,3,ML
RESP-264,C,1,1,1,1,1,1,1,ML
RESP-265,C,5,5,5,5,5,5,5,ML
RESP-266,C,4,4,4,4,4,4,4,ML
RESP-267,C,3,3,3,3,3,3,3,ML
RESP-268,C,5,5,5,5,5,5,5,ML
RESP-269,C,3,1,1,1,1,2,1,ML
RESP-270,C,5,5,5,5,5,5,5,ML
RESP-271,C,4,4,4,4,4,4,4,ML
RESP-272,C,4,4,4,4,4,4,4,ML
RESP-273,C,5,3,4,3,5,4,4,ML
RESP-274,C,5,5,4,5,2,5,4,ML
RESP-275,C,5,5,5,5,5,5,5,ML
RESP-276,C,4,4,4,4,4,4,4,ML
RESP-277,C,5,5,4,5,4,5,4,ML
RESP-278,C,5,5,5,5,5,5,5,ML
RESP-279,C,4,4,4,4,4,4,4,ML
RESP-280,C,3,3,2,4,5,4,3,ML
RESP-281,C,5,5,5,5,5,5,5,ML
RESP-282,C,4,4,3,2,1,3,3,ML
RESP-283,C,4,4,3,4,4,4,3,ML
RESP-284,C,3,2,3,2,3,2,3,ML
RESP-285,C,4,4,4,4,4,5,4,ML
RESP-286,C,4,4,4,4,4,4,4,ML
RESP-287,C,5,5,5,5,5,5,5,ML
RESP-288,C,5,5,5,5,5,5,5,ML
RESP-289,C,2,2,2,2,2,2,2,ML
RESP-290,C,5,5,5,5,5,5,5,ML
RESP-291,C,5,5,5,5,5,5,5,ML
RESP-292,C,4,4,2,3,3,2,2,ML
RESP-293,C,5,5,5,5,5,5,5,ML
RESP-294,C,5,5,4,5,4,4,4,ML
RESP-295,C,2,2,1,3,3,5,3,ML
RESP-296,C,5,5,5,4,4,4,4,ML
RESP-297,C,4,4,4,4,4,4,4,ML
RESP-298,C,4,4,4,4,3,3,3,ML
RESP-299,C,5,5,4,5,4,4,4,ML
RESP-300,C,4,4,4,4,4,4,4,ML
RESP-301,C,5,5,5,4,5,4,5,ML
RESP-302,C,5,5,4,5,4,4,4,ML
RESP-303,C,4,4,4,4,4,4,4,ML
RESP-304,D,1,1,1,1,1,1,1,ML
RESP-305,D,4,4,4,4,3,4,4,ML
RESP-306,D,3,3,3,3,3,3,3,ML
RESP-307,D,5,5,5,5,5,5,5,ML
RESP-308,D,5,5,5,5,5,5,5,ML
RESP-309,D,2,2,2,2,2,2,2,ML
RESP-310,D,5,5,5,5,5,5,5,ML
RESP-311,D,5,5,5,5,5,5,5,ML
RESP-312,D,4,3,4,3,4,3,4,ML
RESP-313,D,4,4,3,4,3,4,4,ML
RESP-314,D,2,2,1,3,1,1,1,ML
RESP-315,D,5,5,5,5,5,5,5,ML
RESP-316,D,4,4,3,4,3,4,4,ML
RESP-317,D,4,4,4,4,4,4,4,ML
RESP-318,D,1,1,1,1,1,1,1,ML
RESP-319,D,5,5,5,5,5,5,5,ML
RESP-320,D,5,5,5,5,5,5,5,ML
RESP-321,D,3,4,3,3,3,3,3,ML
RESP-322,D,5,5,5,5,5,5,5,ML
RESP-323,D,4,4,3,3,3,3,3,ML
RESP-324,D,5,5,5,5,5,5,5,ML
RESP-325,D,5,5,5,5,5,5,5,ML
RESP-326,D,5,5,5,5,5,5,5,ML
RESP-327,D,2,2,2,2,2,2,2,ML
RESP-328,D,5,5,5,5,5,5,5,ML
RESP-329,D,5,5,5,5,5,5,5,ML
RESP-330,D,4,4,3,3,3,3,3,ML
RESP-331,D,4,5,2,3,3,4,3,ML
RESP-332,D,3,4,4,4,3,4,4,ML
RESP-333,D,3,3,3,2,3,3,3,ML
RESP-334,D,5,5,5,5,5,5,5,ML
RESP-335,D,5,5,5,5,5,5,5,ML
RESP-336,D,5,4,5,5,4,5,5,ML
RESP-337,D,4,3,3,4,3,3,4,ML
RESP-338,D,3,3,3,3,3,1,3,ML
RESP-339,D,5,4,4,5,4,4,4,ML
RESP-340,D,4,4,4,4,4,4,4,ML
RESP-341,D,4,4,4,3,3,4,4,ML
RESP-342,D,5,5,5,4,4,5,5,ML
RESP-343,D,5,5,5,5,5,5,5,ML
RESP-344,D,4,3,4,3,3,3,4,ML
RESP-345,D,4,4,4,4,4,4,4,ML
RESP-346,D,5,5,5,5,5,5,5,ML
RESP-347,D,3,3,3,3,2,3,3,ML
RESP-348,D,3,1,1,1,1,1,2,ML
RESP-349,D,5,2,2,2,3,5,3,ML
RESP-350,D,1,1,1,1,1,1,1,ML
RESP-351,D,5,5,5,5,5,5,5,ML
RESP-352,D,5,5,5,5,5,5,5,ML
RESP-353,D,4,4,4,4,4,4,4,ML
RESP-354,D,5,5,5,5,5,5,5,ML
RESP-355,D,5,5,5,5,5,5,5,ML
RESP-356,D,1,1,1,1,1,1,1,ML
RESP-357,D,4,4,3,3,3,3,3,ML
RESP-358,D,4,4,4,4,4,4,4,ML
RESP-359,D,5,5,5,5,5,5,5,ML
RESP-360,D,4,4,4,4,4,4,4,ML
RESP-361,D,4,3,4,3,4,3,4,ML
RESP-362,D,5,5,5,5,5,5,5,ML
RESP-363,D,5,5,5,5,5,5,5,ML
RESP-364,D,4,4,4,4,4,4,4,ML
RESP-365,D,4,3,4,4,3,4,4,DC
RESP-366,D,5,5,5,5,5,5,5,DC
RESP-367,D,5,5,5,5,5,5,5,DC
RESP-368,D,2,2,2,2,2,2,2,DC
RESP-369,D,5,5,5,5,5,5,5,DC
RESP-370,D,5,4,3,5,3,5,4,DC
RESP-371,D,5,5,5,5,5,5,5,DC
RESP-372,D,4,4,4,4,4,4,4,DC
RESP-373,D,5,5,5,5,5,5,5,DC
RESP-374,D,5,4,4,5,4,5,4,DC
RESP-375,D,5,5,5,5,5,5,5,DC
RESP-376,D,5,5,5,5,5,5,5,DC
RESP-377,D,4,4,3,2,3,3,3,DC
RESP-378,D,4,5,4,5,5,4,4,DC
RESP-379,D,5,5,5,5,5,5,5,DC
RESP-380,D,3,1,4,4,3,3,4,DC
RESP-381,D,5,5,4,5,4,4,3,DC
RESP-382,D,5,5,5,5,5,5,5,DC
RESP-383,D,4,5,2,3,1,3,4,DC
RESP-384,D,4,4,4,4,4,4,4,DC
RESP-385,D,1,1,1,1,1,1,1,DC
RESP-386,D,3,4,3,3,3,3,3,DC
RESP-387,D,4,4,4,4,4,4,4,DC
RESP-388,D,5,5,5,5,5,5,5,DC
RESP-389,D,5,5,5,5,5,5,5,DC
RESP-390,D,1,1,1,1,1,1,1,DC
RESP-391,D,5,5,5,5,5,5,5,DC
RESP-392,D,5,5,5,5,5,5,5,DC
RESP-393,D,4,4,4,4,4,4,4,DC
RESP-394,D,5,5,5,5,5,5,5,DC
RESP-395,D,3,4,3,5,4,4,4,DC
RESP-396,D,4,3,4,3,3,3,3,DC
RESP-397,D,4,5,4,5,4,5,4,DC
RESP-398,D,5,5,5,5,5,5,5,DC
RESP-399,D,5,5,5,5,5,5,5,DC
RESP-400,D,5,5,5,5,5,5,5,DC
RESP-401,D,4,4,4,4,4,4,4,DC
RESP-402,D,5,5,5,5,5,5,5,DC
RESP-403,D,4,5,5,5,4,4,4,DC
RESP-404,D,4,4,4,4,4,4,4,DC
RESP-405,E,4,2,4,1,1,4,3,DC
RESP-406,E,4,4,4,4,4,4,4,DC
RESP-407,E,5,5,5,5,5,5,5,DC
RESP-408,E,5,5,5,5,5,5,5,DC
RESP-409,E,5,5,5,5,5,5,5,DC
RESP-410,E,4,4,4,4,4,4,4,DC
RESP-411,E,5,5,5,5,5,5,5,DC
RESP-412,E,5,5,5,5,5,5,5,DC
RESP-413,E,5,4,5,5,4,5,5,DC
RESP-414,E,5,4,4,4,4,4,4,DC
RESP-415,E,3,4,3,5,4,4,4,DC
RESP-416,E,5,5,5,5,5,5,5,DC
RESP-417,E,5,5,5,5,5,5,5,DC
RESP-418,E,4,4,3,4,4,4,4,DC
RESP-419,E,3,4,4,3,3,3,3,DC
RESP-420,E,5,5,5,5,5,5,5,DC
RESP-421,E,5,5,5,5,5,5,5,DC
RESP-422,E,5,5,5,5,5,5,5,BCT
RESP-423,E,5,5,5,5,5,5,5,BCT
RESP-424,E,4,5,5,5,4,4,5,BCT
RESP-425,E,5,5,,5,5,5,5,BCT
RESP-426,E,5,5,5,5,5,5,5,BCT
RESP-427,E,5,5,5,5,5,5,5,BCT
RESP-428,E,4,4,4,4,4,4,4,BCT
RESP-429,E,5,5,5,5,5,5,5,BCT
RESP-430,E,5,5,5,5,5,5,5,BCT
RESP-431,E,5,4,4,4,4,5,4,BCT
RESP-432,E,5,5,5,5,5,5,5,BCT
RESP-433,E,3,3,3,3,3,3,3,BCT
RESP-434,E,5,5,5,5,5,5,5,BCT
RESP-435,E,5,5,5,5,5,5,5,BCT
RESP-436,E,5,5,5,5,5,5,5,BCT
RESP-437,E,5,5,5,5,5,5,5,BCT
RESP-438,E,4,4,3,4,4,4,4,BCT
RESP-439,E,5,5,5,5,5,5,5,BCT
RESP-440,E,5,5,4,5,4,4,4,BCT
RESP-441,E,5,5,5,5,5,5,5,BCT
RESP-442,E,4,4,3,3,4,4,4,BCT
RESP-443,E,5,5,5,5,5,5,5,BCT
RESP-444,E,5,5,5,5,5,5,5,BCT
RESP-445,E,5,5,5,5,5,5,5,BCT
RESP-446,E,5,5,5,5,5,5,5,BCT
RESP-447,E,5,5,5,5,5,5,5,BCT
RESP-448,E,4,4,3,3,3,3,3,BCT
RESP-449,E,5,5,5,5,5,5,5,BCT
RESP-450,E,5,5,5,5,5,5,5,BCT
RESP-451,E,4,5,5,5,5,5,5,BCT
RESP-452,E,5,5,5,5,5,5,5,BCT
RESP-453,E,5,5,5,5,5,5,5,BCT
RESP-454,E,5,5,5,5,5,5,5,BCT
RESP-455,E,1,1,1,1,1,1,1,BCT
RESP-456,E,5,5,5,5,5,5,5,BCT
RESP-457,E,4,4,4,5,5,5,5,BCT
RESP-458,E,4,4,4,4,4,4,4,BCT
RESP-459,E,4,4,4,4,4,4,4,BCT
RESP-460,E,4,4,4,5,5,5,5,BCT
RESP-461,E,5,5,4,4,5,5,4,BCT
RESP-462,E,5,5,5,5,5,5,5,BCT
RESP-463,E,5,5,5,5,5,5,5,BCT
RESP-464,E,5,5,5,5,5,5,5,BCT
RESP-465,E,5,5,5,5,5,5,5,BCT
RESP-466,E,5,5,5,5,5,5,5,BCT
RESP-467,E,5,5,5,5,5,5,5,BCT
RESP-468,E,4,4,3,1,3,4,3,BCT
RESP-469,E,5,5,5,5,5,5,5,BCT
RESP-470,E,5,5,5,5,5,5,5,BCT
RESP-471,E,5,5,5,5,5,5,5,BCT
RESP-472,E,5,5,5,5,5,5,5,BCT
RESP-473,E,4,5,5,5,3,5,5,BCT
RESP-474,E,5,5,5,5,5,5,5,BCT
RESP-475,E,4,4,4,4,4,4,4,BCT
RESP-476,E,4,4,4,4,3,4,4,BCT
RESP-477,E,5,5,5,5,5,5,5,BCT
RESP-478,E,5,5,5,5,5,5,5,BCT
RESP-479,E,5,5,5,5,5,5,5,BCT
RESP-480,E,5,,4,,3,4,5,BCT
RESP-481,E,5,5,5,5,5,5,5,BCT
RESP-482,E,4,5,4,5,4,4,4,BCT
RESP-483,E,5,5,4,5,5,5,5,BCT
RESP-484,E,3,3,3,3,3,3,3,BCT
RESP-485,E,5,5,5,5,5,5,5,BCT
RESP-486,E,4,4,4,4,4,4,4,BCT
RESP-487,E,5,5,5,5,5,5,5,BCT
RESP-488,E,5,5,5,5,5,5,5,BCT
RESP-489,E,3,3,3,3,3,3,3,BCT
RESP-490,E,5,5,5,5,5,5,5,BCT
RESP-491,E,5,5,5,5,5,5,5,BCT
RESP-492,E,4,4,4,5,4,5,4,BCT
RESP-493,E,5,5,5,5,5,5,5,BCT
RESP-494,E,5,5,5,5,5,5,5,BCT
RESP-495,E,5,5,5,5,5,5,5,BCT
RESP-496,E,4,5,4,5,4,5,4,BCT
RESP-497,E,5,5,5,5,5,5,5,BCT
RESP-498,E,5,5,5,5,5,5,5,BCT
RESP-499,E,5,5,5,5,5,5,5,BCT
RESP-500,E,5,5,5,5,,5,5,BCT
RESP-501,E,5,5,5,5,5,5,5,BCT
RESP-502,E,5,5,5,5,5,5,5,BCT
RESP-503,F,4,4,3,1,1,4,3,NLP
RESP-504,F,4,4,4,4,4,4,4,NLP
RESP-505,F,3,3,3,3,3,3,3,NLP
RESP-506,F,5,5,5,5,5,5,5,NLP
RESP-507,F,4,5,4,4,4,4,4,NLP
RESP-508,F,3,3,3,3,3,3,3,NLP
RESP-509,F,5,5,5,5,5,5,5,NLP
RESP-510,F,5,5,5,5,5,5,5,NLP
RESP-511,F,5,4,5,5,4,5,4,NLP
RESP-512,F,4,4,5,4,3,3,4,NLP
RESP-513,F,3,3,3,3,3,3,3,NLP
RESP-514,F,5,5,5,5,5,5,5,NLP
RESP-515,F,3,3,2,1,2,2,3,NLP
RESP-516,F,4,4,4,4,4,4,4,NLP
RESP-517,F,2,3,2,2,2,3,2,NLP
RESP-518,F,4,3,3,4,3,3,3,NLP
RESP-519,F,5,5,5,5,5,5,5,NLP
RESP-520,F,3,3,3,3,2,3,3,NLP
RESP-521,F,5,,5,5,5,5,5,NLP
RESP-522,F,4,4,3,3,3,4,3,NLP
RESP-523,F,3,3,3,3,3,3,3,NLP
RESP-524,F,5,5,5,5,5,5,5,NLP
RESP-525,F,5,5,5,5,5,5,5,NLP
RESP-526,F,1,1,1,1,1,1,1,NLP
RESP-527,F,5,5,5,5,5,5,5,NLP
RESP-528,F,5,5,5,5,5,5,5,NLP
RESP-529,F,4,3,3,3,3,4,3,NLP
RESP-530,F,5,5,5,5,4,5,5,NLP
RESP-531,F,3,3,3,3,3,3,3,NLP
RESP-532,F,3,3,3,3,3,3,3,NLP
RESP-533,F,5,5,5,5,5,5,5,NLP
RESP-534,F,5,5,5,5,5,5,5,NLP
RESP-535,F,5,5,4,5,4,4,4,NLP
RESP-536,F,3,4,3,3,3,3,3,NLP
RESP-537,F,2,2,2,2,2,2,2,NLP
RESP-538,F,5,5,5,5,5,5,5,NLP
RESP-539,F,4,4,3,3,3,4,3,NLP
RESP-540,F,4,4,3,4,3,4,3,NLP
RESP-541,F,5,5,5,5,4,5,4,NLP
RESP-542,F,5,5,5,5,5,5,5,NLP
RESP-543,F,3,3,3,3,3,3,3,NLP
RESP-544,F,4,4,4,4,4,4,4,NLP
RESP-545,F,2,2,2,2,1,2,1,NLP
RESP-546,F,5,5,5,5,5,5,5,NLP
RESP-547,F,3,3,3,3,3,3,3,NLP
RESP-548,F,2,2,2,2,2,2,2,NLP
RESP-549,F,1,1,1,1,1,1,1,NLP
RESP-550,F,5,5,5,5,5,5,5,NLP
RESP-551,F,4,4,4,4,4,4,4,NLP
RESP-552,F,4,4,5,5,5,4,4,NLP
RESP-553,F,1,1,1,1,1,1,1,NLP
RESP-554,F,1,1,1,1,1,1,1,NLP
RESP-555,F,4,4,4,4,4,4,4,NLP
RESP-556,F,4,4,4,4,4,4,4,NLP
RESP-557,F,3,3,3,3,3,3,3,NLP
RESP-558,F,4,4,4,4,4,4,4,NLP
RESP-559,F,2,2,1,1,2,2,1,NLP
RESP-560,F,5,5,5,5,5,5,5,NLP
RESP-561,F,5,5,5,5,5,5,5,NLP
RESP-562,F,4,4,4,4,4,4,4,NLP
RESP-563,F,4,4,4,4,3,4,4,NLP
RESP-564,F,5,5,5,5,5,5,5,NLP
RESP-565,F,4,4,4,4,4,4,4,NLP
RESP-566,F,2,2,2,2,2,2,2,NLP
RESP-567,F,5,5,5,5,5,5,,NLP
RESP-568,F,1,1,1,1,1,,1,NLP
RESP-569,F,5,5,5,5,5,5,5,NLP
RESP-570,F,4,4,4,4,4,4,4,NLP
RESP-571,F,4,4,4,4,4,4,4,NLP
RESP-572,F,4,4,4,3,2,4,3,NLP
RESP-573,F,2,3,2,3,2,3,2,NLP
RESP-574,F,4,4,4,4,4,4,4,NLP
RESP-575,F,5,5,5,5,5,5,5,NLP
RESP-576,F,5,5,5,5,5,5,5,NLP
RESP-577,F,2,1,2,3,2,2,1,NLP
RESP-578,F,5,5,5,5,5,5,5,NLP
RESP-579,F,5,5,5,5,4,5,5,NLP
RESP-580,F,3,4,3,4,3,3,3,NLP
RESP-581,F,1,1,1,1,1,1,1,NLP
RESP-582,F,4,4,4,4,4,4,4,CC
RESP-583,F,4,4,4,4,4,4,4,CC
RESP-584,F,5,5,5,5,5,5,5,CC
RESP-585,F,5,5,5,5,5,5,5,CC
RESP-586,F,3,3,3,3,3,3,3,CC
RESP-587,F,5,4,5,4,5,4,5,CC
RESP-588,F,5,5,5,5,5,5,5,CC
RESP-589,F,4,4,4,4,4,4,,CC
RESP-590,F,4,4,4,4,4,4,4,CC
RESP-591,F,4,4,4,4,4,4,4,CC
RESP-592,F,5,4,4,4,4,4,5,CC
RESP-593,F,4,5,4,5,4,5,4,CC
RESP-594,F,4,4,4,4,4,4,4,CC
RESP-595,F,4,4,4,4,4,4,4,CC
RESP-596,F,4,5,4,4,5,5,5,CC
RESP-597,F,4,4,3,2,3,3,3,CC
RESP-598,F,4,4,4,5,4,5,4,CC
RESP-599,F,3,3,3,3,3,3,3,CC
RESP-600,G,4,4,4,4,4,4,4,CC
RESP-601,G,4,4,4,4,4,5,4,CC
RESP-602,G,5,5,5,5,5,5,5,CC
RESP-603,G,5,5,5,5,5,5,5,CC
RESP-604,G,5,5,5,5,5,5,5,CC
RESP-605,G,5,5,5,5,5,5,5,CC
RESP-606,G,5,4,5,4,5,4,4,CC
RESP-607,G,5,5,5,5,5,5,5,CC
RESP-608,G,4,4,4,4,4,4,4,CC
RESP-609,G,5,5,5,5,5,5,5,CC
RESP-610,G,5,5,5,5,5,5,5,CC
RESP-611,G,5,5,5,5,5,5,5,CC
RESP-612,G,5,5,5,5,5,5,5,CC
RESP-613,G,5,5,5,5,5,5,5,CC
RESP-614,G,5,5,5,5,5,5,5,CC
RESP-615,G,5,5,5,5,5,5,5,CC
RESP-616,G,5,5,5,5,5,5,5,CC
RESP-617,G,5,4,4,4,4,4,4,CC
RESP-618,G,5,5,5,5,5,5,5,CC
RESP-619,G,4,5,5,4,4,4,4,CC
RESP-620,G,5,5,5,5,5,5,5,CC
RESP-621,G,5,5,5,5,5,5,5,CC
RESP-622,G,5,5,5,5,5,5,5,CC
RESP-623,G,5,5,5,5,5,5,5,CC
RESP-624,G,3,3,3,3,3,3,3,CC
RESP-625,G,5,5,5,5,5,5,5,CC
RESP-626,G,5,5,5,5,5,5,5,CC
RESP-627,G,5,5,5,5,5,5,5,CC
RESP-628,G,5,5,5,5,5,5,5,CC
RESP-629,G,5,5,5,5,5,5,5,CC
RESP-630,G,5,5,5,5,5,5,5,CC
RESP-631,G,5,5,5,5,5,5,5,CC
RESP-632,G,5,5,5,5,4,4,4,CC
RESP-633,G,5,5,5,5,5,5,5,CC
RESP-634,G,5,5,5,5,5,5,5,CC
RESP-635,G,5,5,5,5,5,5,5,CC
RESP-636,G,5,5,5,5,5,5,5,CC
RESP-637,G,5,3,3,5,5,5,5,CC
RESP-638,G,5,5,5,5,5,5,5,CC
RESP-639,G,4,4,4,4,4,4,4,CC
RESP-640,G,5,4,5,5,5,4,5,CC
RESP-641,G,5,5,5,5,5,5,5,CC
RESP-642,G,4,4,4,4,4,4,4,CC
RESP-643,G,5,5,5,5,5,5,5,CC
RESP-644,G,5,5,5,5,5,5,5,DAA
RESP-645,G,5,5,5,5,5,5,5,DAA
RESP-646,H,4,4,4,4,4,4,4,DAA
RESP-647,H,5,5,5,5,5,5,5,DAA
RESP-648,H,5,5,5,5,5,5,5,DAA
RESP-649,H,5,4,4,4,4,4,4,DAA
RESP-650,H,4,4,4,4,4,4,4,DAA
RESP-651,H,5,5,5,5,5,5,5,DAA
RESP-652,H,5,5,5,5,5,5,5,DAA
RESP-653,H,5,5,5,5,5,5,5,DAA
RESP-654,H,5,5,5,5,5,5,5,DAA
RESP-655,H,5,5,5,5,5,5,5,DAA
RESP-656,H,5,5,5,5,5,5,5,DAA
RESP-657,H,4,4,4,4,4,4,4,DAA
RESP-658,H,4,4,3,3,4,4,3,DAA
RESP-659,H,5,5,5,5,5,5,5,DAA
RESP-660,H,4,4,4,4,4,4,4,DAA
RESP-661,H,4,4,5,4,5,5,5,DAA
RESP-662,H,4,4,4,4,4,4,4,DAA
RESP-663,H,5,5,5,5,5,5,5,DAA
RESP-664,H,5,4,5,4,,5,5,DAA
RESP-665,H,4,5,5,5,5,4,4,DAA
RESP-666,H,5,5,5,5,5,5,5,DAA
RESP-667,H,5,5,5,5,5,5,5,DAA
RESP-668,H,5,3,4,4,4,4,4,DAA
RESP-669,H,5,5,5,5,5,5,5,DAA
RESP-670,H,5,5,5,5,5,5,5,DAA
RESP-671,H,4,4,4,4,4,4,4,DAA
RESP-672,H,5,5,5,5,5,5,5,DAA
RESP-673,H,5,5,5,5,5,5,5,DAA
RESP-674,H,5,5,5,5,5,5,5,DAA
RESP-675,H,5,5,5,5,5,5,5,DAA
RESP-676,H,4,4,4,4,4,4,4,DAA
RESP-677,H,5,4,5,5,5,4,5,DAA
RESP-678,H,5,5,5,4,3,5,4,DAA